"category","role","level","region","rate_type","rate_low","rate_high","rate_unit","notes","last_updated"
"Contingent Workforce","Agile Coach","1 yr min","AMER","Bill Rate","$136","$150","/hr","Insight Global AMER negotiated rate card 2026. US rate. ","2026-04-01"
"Contingent Workforce","Agile Coach (Specialized)","1 yr min","AMER","Bill Rate","$150","$165","/hr","Insight Global AMER negotiated rate card 2026. US rate. Specialized = niche/specific technology premium.","2026-04-01"
"Contingent Workforce","Associate Principal Automation Tester / Associate Principal DevSecOps Engineer","8 yrs min","AMER","Bill Rate","$145","$160","/hr","Insight Global AMER negotiated rate card 2026. US rate. ","2026-04-01"
"Contingent Workforce","Associate Principal Automation Tester / Associate Principal DevSecOps Engineer (Specialized)","8 yrs min","AMER","Bill Rate","$160","$176","/hr","Insight Global AMER negotiated rate card 2026. US rate. Specialized = niche/specific technology premium.","2026-04-01"
"Contingent Workforce","Associate Principal QA Engineer","8 yrs min","AMER","Bill Rate","$114","$126","/hr","Insight Global AMER negotiated rate card 2026. US rate. ","2026-04-01"
"Contingent Workforce","Associate Principal QA Engineer (Specialized)","8 yrs min","AMER","Bill Rate","$126","$138","/hr","Insight Global AMER negotiated rate card 2026. US rate. Specialized = niche/specific technology premium.","2026-04-01"
"Contingent Workforce","Associate Principal Software Engineer / Senior Delivery Manager / Lead Solution Architect","8 yrs min","AMER","Bill Rate","$145","$160","/hr","Insight Global AMER negotiated rate card 2026. US rate. ","2026-04-01"
"Contingent Workforce","Associate Principal Software Engineer / Senior Delivery Manager / Lead Solution Architect (Specialized)","8 yrs min","AMER","Bill Rate","$159","$175","/hr","Insight Global AMER negotiated rate card 2026. US rate. Specialized = niche/specific technology premium.","2026-04-01"
"Contingent Workforce","Automation Tester / DevSecOps Engineer","1 yr min","AMER","Bill Rate","$92","$102","/hr","Insight Global AMER negotiated rate card 2026. US rate. ","2026-04-01"
"Contingent Workforce","Automation Tester / DevSecOps Engineer (Specialized)","1 yr min","AMER","Bill Rate","$102","$112","/hr","Insight Global AMER negotiated rate card 2026. US rate. Specialized = niche/specific technology premium.","2026-04-01"
"Contingent Workforce","Business & Technology Consulting VP/CTO","15 yrs min","AMER","Bill Rate","$191","$204","/hr","Insight Global AMER negotiated rate card 2026. US rate. ","2026-04-01"
"Contingent Workforce","Business & Technology Consulting VP/CTO (Specialized)","15 yrs min","AMER","Bill Rate","$204","$224","/hr","Insight Global AMER negotiated rate card 2026. US rate. Specialized = niche/specific technology premium.","2026-04-01"
"Contingent Workforce","Business Analyst / UI/UX Designer","1 yr min","AMER","Bill Rate","$85","$93","/hr","Insight Global AMER negotiated rate card 2026. US rate. ","2026-04-01"
"Contingent Workforce","Business Analyst / UI/UX Designer (Specialized)","1 yr min","AMER","Bill Rate","$93","$103","/hr","Insight Global AMER negotiated rate card 2026. US rate. Specialized = niche/specific technology premium.","2026-04-01"
"Contingent Workforce","Chief Automation Tester / Chief DevSecOps Engineer","10 yrs min","AMER","Bill Rate","$129","$142","/hr","Insight Global AMER negotiated rate card 2026. US rate. ","2026-04-01"
"Contingent Workforce","Chief Automation Tester / Chief DevSecOps Engineer (Specialized)","10 yrs min","AMER","Bill Rate","$142","$156","/hr","Insight Global AMER negotiated rate card 2026. US rate. Specialized = niche/specific technology premium.","2026-04-01"
"Contingent Workforce","Chief QA Engineer","12 yrs min","AMER","Bill Rate","$104","$114","/hr","Insight Global AMER negotiated rate card 2026. US rate. ","2026-04-01"
"Contingent Workforce","Chief QA Engineer (Specialized)","12 yrs min","AMER","Bill Rate","$112","$123","/hr","Insight Global AMER negotiated rate card 2026. US rate. Specialized = niche/specific technology premium.","2026-04-01"
"Contingent Workforce","Chief Software Engineer 1 / Solution Architect","10 yrs min","AMER","Bill Rate","$136","$150","/hr","Insight Global AMER negotiated rate card 2026. US rate. ","2026-04-01"
"Contingent Workforce","Chief Software Engineer 1 / Solution Architect (Specialized)","10 yrs min","AMER","Bill Rate","$150","$165","/hr","Insight Global AMER negotiated rate card 2026. US rate. Specialized = niche/specific technology premium.","2026-04-01"
"Contingent Workforce","Chief Software Engineer 2 / Delivery Manager / Senior Solution Architect","12 yrs min","AMER","Bill Rate","$141","$156","/hr","Insight Global AMER negotiated rate card 2026. US rate. ","2026-04-01"
"Contingent Workforce","Chief Software Engineer 2 / Delivery Manager / Senior Solution Architect (Specialized)","12 yrs min","AMER","Bill Rate","$156","$171","/hr","Insight Global AMER negotiated rate card 2026. US rate. Specialized = niche/specific technology premium.","2026-04-01"
"Contingent Workforce","Consultant","6 yrs min","AMER","Bill Rate","$137","$151","/hr","Insight Global AMER negotiated rate card 2026. US rate. ","2026-04-01"
"Contingent Workforce","Consultant (Specialized)","6 yrs min","AMER","Bill Rate","$151","$166","/hr","Insight Global AMER negotiated rate card 2026. US rate. Specialized = niche/specific technology premium.","2026-04-01"
"Contingent Workforce","Consulting Analyst","3 yrs min","AMER","Bill Rate","$89","$98","/hr","Insight Global AMER negotiated rate card 2026. US rate. ","2026-04-01"
"Contingent Workforce","Consulting Analyst (Specialized)","3 yrs min","AMER","Bill Rate","$98","$108","/hr","Insight Global AMER negotiated rate card 2026. US rate. Specialized = niche/specific technology premium.","2026-04-01"
"Contingent Workforce","Consulting Manager / Program Manager / Consulting Architect","8 yrs min","AMER","Bill Rate","$149","$164","/hr","Insight Global AMER negotiated rate card 2026. US rate. ","2026-04-01"
"Contingent Workforce","Consulting Manager / Program Manager / Consulting Architect (Specialized)","8 yrs min","AMER","Bill Rate","$164","$180","/hr","Insight Global AMER negotiated rate card 2026. US rate. Specialized = niche/specific technology premium.","2026-04-01"
"Contingent Workforce","Data Analyst","1 yr min","AMER","Bill Rate","$75","$82","/hr","Insight Global AMER negotiated rate card 2026. US rate. ","2026-04-01"
"Contingent Workforce","Data Analyst (Specialized)","1 yr min","AMER","Bill Rate","$82","$91","/hr","Insight Global AMER negotiated rate card 2026. US rate. Specialized = niche/specific technology premium.","2026-04-01"
"Contingent Workforce","Data Engineer","1 yr min","AMER","Bill Rate","$102","$113","/hr","Insight Global AMER negotiated rate card 2026. US rate. ","2026-04-01"
"Contingent Workforce","Data Engineer (Specialized)","1 yr min","AMER","Bill Rate","$113","$124","/hr","Insight Global AMER negotiated rate card 2026. US rate. Specialized = niche/specific technology premium.","2026-04-01"
"Contingent Workforce","Director, Product Management / Director, Project Management / Director Experience Design","10 yrs min","AMER","Bill Rate","$116","$128","/hr","Insight Global AMER negotiated rate card 2026. US rate. ","2026-04-01"
"Contingent Workforce","Director, Product Management / Director, Project Management / Director Experience Design (Specialized)","10 yrs min","AMER","Bill Rate","$128","$141","/hr","Insight Global AMER negotiated rate card 2026. US rate. Specialized = niche/specific technology premium.","2026-04-01"
"Contingent Workforce","Information Architect","3 yrs min","AMER","Bill Rate","$150","$165","/hr","Insight Global AMER negotiated rate card 2026. US rate. ","2026-04-01"
"Contingent Workforce","Information Architect (Specialized)","3 yrs min","AMER","Bill Rate","$165","$182","/hr","Insight Global AMER negotiated rate card 2026. US rate. Specialized = niche/specific technology premium.","2026-04-01"
"Contingent Workforce","Lead Automation Tester / Lead DevSecOps Engineer","6 yrs min","AMER","Bill Rate","$128","$141","/hr","Insight Global AMER negotiated rate card 2026. US rate. ","2026-04-01"
"Contingent Workforce","Lead Automation Tester / Lead DevSecOps Engineer (Specialized)","6 yrs min","AMER","Bill Rate","$141","$155","/hr","Insight Global AMER negotiated rate card 2026. US rate. Specialized = niche/specific technology premium.","2026-04-01"
"Contingent Workforce","Lead Business Analyst / Lead UI/UX Designer","7 yrs min","AMER","Bill Rate","$115","$127","/hr","Insight Global AMER negotiated rate card 2026. US rate. ","2026-04-01"
"Contingent Workforce","Lead Business Analyst / Lead UI/UX Designer (Specialized)","7 yrs min","AMER","Bill Rate","$127","$140","/hr","Insight Global AMER negotiated rate card 2026. US rate. Specialized = niche/specific technology premium.","2026-04-01"
"Contingent Workforce","Lead QA Engineer","6 yrs min","AMER","Bill Rate","$98","$108","/hr","Insight Global AMER negotiated rate card 2026. US rate. ","2026-04-01"
"Contingent Workforce","Lead QA Engineer (Specialized)","6 yrs min","AMER","Bill Rate","$108","$118","/hr","Insight Global AMER negotiated rate card 2026. US rate. Specialized = niche/specific technology premium.","2026-04-01"
"Contingent Workforce","Lead Software Engineer","7 yrs min","AMER","Bill Rate","$125","$138","/hr","Insight Global AMER negotiated rate card 2026. US rate. ","2026-04-01"
"Contingent Workforce","Lead Software Engineer (Specialized)","7 yrs min","AMER","Bill Rate","$138","$151","/hr","Insight Global AMER negotiated rate card 2026. US rate. Specialized = niche/specific technology premium.","2026-04-01"
"Contingent Workforce","Managing Principal Consultant / Senior Director Tech Solutions","15 yrs min","AMER","Bill Rate","$177","$194","/hr","Insight Global AMER negotiated rate card 2026. US rate. ","2026-04-01"
"Contingent Workforce","Managing Principal Consultant / Senior Director Tech Solutions (Specialized)","15 yrs min","AMER","Bill Rate","$194","$214","/hr","Insight Global AMER negotiated rate card 2026. US rate. Specialized = niche/specific technology premium.","2026-04-01"
"Contingent Workforce","Principal Automation Tester / Principal DevSecOps Engineer","8 yrs min","AMER","Bill Rate","$142","$156","/hr","Insight Global AMER negotiated rate card 2026. US rate. ","2026-04-01"
"Contingent Workforce","Principal Automation Tester / Principal DevSecOps Engineer (Specialized)","8 yrs min","AMER","Bill Rate","$155","$171","/hr","Insight Global AMER negotiated rate card 2026. US rate. Specialized = niche/specific technology premium.","2026-04-01"
"Contingent Workforce","Principal Consultant / Director, Tech Solutions","10 yrs min","AMER","Bill Rate","$162","$179","/hr","Insight Global AMER negotiated rate card 2026. US rate. ","2026-04-01"
"Contingent Workforce","Principal Consultant / Director, Tech Solutions (Specialized)","10 yrs min","AMER","Bill Rate","$179","$196","/hr","Insight Global AMER negotiated rate card 2026. US rate. Specialized = niche/specific technology premium.","2026-04-01"
"Contingent Workforce","Principal QA Engineer","10 yrs min","AMER","Bill Rate","$114","$126","/hr","Insight Global AMER negotiated rate card 2026. US rate. ","2026-04-01"
"Contingent Workforce","Principal QA Engineer (Specialized)","10 yrs min","AMER","Bill Rate","$125","$138","/hr","Insight Global AMER negotiated rate card 2026. US rate. Specialized = niche/specific technology premium.","2026-04-01"
"Contingent Workforce","Principal Software Engineer / Director, Delivery Management / Principal Solution Architect","10 yrs min","AMER","Bill Rate","$163","$180","/hr","Insight Global AMER negotiated rate card 2026. US rate. ","2026-04-01"
"Contingent Workforce","Principal Software Engineer / Director, Delivery Management / Principal Solution Architect (Specialized)","10 yrs min","AMER","Bill Rate","$180","$198","/hr","Insight Global AMER negotiated rate card 2026. US rate. Specialized = niche/specific technology premium.","2026-04-01"
"Contingent Workforce","Product Manager / Associate Project Manager / Scrum Master","1 yr min","AMER","Bill Rate","$112","$123","/hr","Insight Global AMER negotiated rate card 2026. US rate. ","2026-04-01"
"Contingent Workforce","Product Manager / Associate Project Manager / Scrum Master (Specialized)","1 yr min","AMER","Bill Rate","$123","$136","/hr","Insight Global AMER negotiated rate card 2026. US rate. Specialized = niche/specific technology premium.","2026-04-01"
"Contingent Workforce","Product Manager / Project Manager","1 yr min","AMER","Bill Rate","$98","$108","/hr","Insight Global AMER negotiated rate card 2026. US rate. ","2026-04-01"
"Contingent Workforce","Product Manager / Project Manager (Specialized)","1 yr min","AMER","Bill Rate","$108","$119","/hr","Insight Global AMER negotiated rate card 2026. US rate. Specialized = niche/specific technology premium.","2026-04-01"
"Contingent Workforce","Product Owner","3 yrs min","AMER","Bill Rate","$109","$121","/hr","Insight Global AMER negotiated rate card 2026. US rate. ","2026-04-01"
"Contingent Workforce","Product Owner (Specialized)","3 yrs min","AMER","Bill Rate","$121","$133","/hr","Insight Global AMER negotiated rate card 2026. US rate. Specialized = niche/specific technology premium.","2026-04-01"
"Contingent Workforce","QA Engineer","1 yr min","AMER","Bill Rate","$71","$78","/hr","Insight Global AMER negotiated rate card 2026. US rate. ","2026-04-01"
"Contingent Workforce","QA Engineer (Specialized)","1 yr min","AMER","Bill Rate","$78","$86","/hr","Insight Global AMER negotiated rate card 2026. US rate. Specialized = niche/specific technology premium.","2026-04-01"
"Contingent Workforce","Senior Automation Tester / Senior DevSecOps Engineer","3 yrs min","AMER","Bill Rate","$114","$126","/hr","Insight Global AMER negotiated rate card 2026. US rate. ","2026-04-01"
"Contingent Workforce","Senior Automation Tester / Senior DevSecOps Engineer (Specialized)","3 yrs min","AMER","Bill Rate","$126","$138","/hr","Insight Global AMER negotiated rate card 2026. US rate. Specialized = niche/specific technology premium.","2026-04-01"
"Contingent Workforce","Senior Business Analyst","5 yrs min","AMER","Bill Rate","$92","$101","/hr","Insight Global AMER negotiated rate card 2026. US rate. ","2026-04-01"
"Contingent Workforce","Senior Business Analyst (Specialized)","5 yrs min","AMER","Bill Rate","$101","$111","/hr","Insight Global AMER negotiated rate card 2026. US rate. Specialized = niche/specific technology premium.","2026-04-01"
"Contingent Workforce","Senior Consulting Analyst","5 yrs min","AMER","Bill Rate","$96","$106","/hr","Insight Global AMER negotiated rate card 2026. US rate. ","2026-04-01"
"Contingent Workforce","Senior Consulting Analyst (Specialized)","5 yrs min","AMER","Bill Rate","$106","$116","/hr","Insight Global AMER negotiated rate card 2026. US rate. Specialized = niche/specific technology premium.","2026-04-01"
"Contingent Workforce","Senior Consulting Manager / Senior Program Manager / Senior Consulting Architect","12 yrs min","AMER","Bill Rate","$155","$171","/hr","Insight Global AMER negotiated rate card 2026. US rate. ","2026-04-01"
"Contingent Workforce","Senior Consulting Manager / Senior Program Manager / Senior Consulting Architect (Specialized)","12 yrs min","AMER","Bill Rate","$171","$188","/hr","Insight Global AMER negotiated rate card 2026. US rate. Specialized = niche/specific technology premium.","2026-04-01"
"Contingent Workforce","Senior Product Manager / Senior Project Manager / Associate Director Experience Design","5 yrs min","AMER","Bill Rate","$115","$126","/hr","Insight Global AMER negotiated rate card 2026. US rate. ","2026-04-01"
"Contingent Workforce","Senior Product Manager / Senior Project Manager / Associate Director Experience Design (Specialized)","5 yrs min","AMER","Bill Rate","$126","$139","/hr","Insight Global AMER negotiated rate card 2026. US rate. Specialized = niche/specific technology premium.","2026-04-01"
"Contingent Workforce","Senior UI/UX Designer","5 yrs min","AMER","Bill Rate","$92","$102","/hr","Insight Global AMER negotiated rate card 2026. US rate. ","2026-04-01"
"Contingent Workforce","Senior UI/UX Designer (Specialized)","5 yrs min","AMER","Bill Rate","$102","$112","/hr","Insight Global AMER negotiated rate card 2026. US rate. Specialized = niche/specific technology premium.","2026-04-01"
"Contingent Workforce","Software Engineer","1 yr min","AMER","Bill Rate","$90","$100","/hr","Insight Global AMER negotiated rate card 2026. US rate. ","2026-04-01"
"Contingent Workforce","Software Engineer (Specialized)","1 yr min","AMER","Bill Rate","$100","$110","/hr","Insight Global AMER negotiated rate card 2026. US rate. Specialized = niche/specific technology premium.","2026-04-01"
"Contingent Workforce","Sr Data Analyst","3 yrs min","AMER","Bill Rate","$81","$89","/hr","Insight Global AMER negotiated rate card 2026. US rate. ","2026-04-01"
"Contingent Workforce","Sr Data Analyst (Specialized)","3 yrs min","AMER","Bill Rate","$89","$98","/hr","Insight Global AMER negotiated rate card 2026. US rate. Specialized = niche/specific technology premium.","2026-04-01"
"Contingent Workforce","Sr Data Engineer","5 yrs min","AMER","Bill Rate","$110","$121","/hr","Insight Global AMER negotiated rate card 2026. US rate. ","2026-04-01"
"Contingent Workforce","Sr Data Engineer (Specialized)","5 yrs min","AMER","Bill Rate","$121","$133","/hr","Insight Global AMER negotiated rate card 2026. US rate. Specialized = niche/specific technology premium.","2026-04-01"
"Contingent Workforce","Sr Product Owner","5 yrs min","AMER","Bill Rate","$114","$126","/hr","Insight Global AMER negotiated rate card 2026. US rate. ","2026-04-01"
"Contingent Workforce","Sr Product Owner (Specialized)","5 yrs min","AMER","Bill Rate","$126","$139","/hr","Insight Global AMER negotiated rate card 2026. US rate. Specialized = niche/specific technology premium.","2026-04-01"
"Contingent Workforce","Sr Scrum Master","5 yrs min","AMER","Bill Rate","$110","$122","/hr","Insight Global AMER negotiated rate card 2026. US rate. ","2026-04-01"
"Contingent Workforce","Sr Scrum Master (Specialized)","5 yrs min","AMER","Bill Rate","$122","$134","/hr","Insight Global AMER negotiated rate card 2026. US rate. Specialized = niche/specific technology premium.","2026-04-01"
"Contingent Workforce","Sr Software Engineer","3 yrs min","AMER","Bill Rate","$98","$108","/hr","Insight Global AMER negotiated rate card 2026. US rate. ","2026-04-01"
"Contingent Workforce","Sr Software Engineer (Specialized)","3 yrs min","AMER","Bill Rate","$108","$118","/hr","Insight Global AMER negotiated rate card 2026. US rate. Specialized = niche/specific technology premium.","2026-04-01"
"Contingent Workforce","Sr Test Automation Engineer","5 yrs min","AMER","Bill Rate","$92","$102","/hr","Insight Global AMER negotiated rate card 2026. US rate. ","2026-04-01"
"Contingent Workforce","Sr Test Automation Engineer (Specialized)","5 yrs min","AMER","Bill Rate","$102","$112","/hr","Insight Global AMER negotiated rate card 2026. US rate. Specialized = niche/specific technology premium.","2026-04-01"
"Contingent Workforce","Sr Test Performance Engineer","5 yrs min","AMER","Bill Rate","$92","$102","/hr","Insight Global AMER negotiated rate card 2026. US rate. ","2026-04-01"
"Contingent Workforce","Sr Test Performance Engineer (Specialized)","5 yrs min","AMER","Bill Rate","$102","$112","/hr","Insight Global AMER negotiated rate card 2026. US rate. Specialized = niche/specific technology premium.","2026-04-01"
"Contingent Workforce","Sr. QA Engineer","5 yrs min","AMER","Bill Rate","$86","$95","/hr","Insight Global AMER negotiated rate card 2026. US rate. ","2026-04-01"
"Contingent Workforce","Sr. QA Engineer (Specialized)","5 yrs min","AMER","Bill Rate","$95","$104","/hr","Insight Global AMER negotiated rate card 2026. US rate. Specialized = niche/specific technology premium.","2026-04-01"
"Contingent Workforce","Tech Lead","7 yrs min","AMER","Bill Rate","$118","$130","/hr","Insight Global AMER negotiated rate card 2026. US rate. ","2026-04-01"
"Contingent Workforce","Tech Lead (Specialized)","7 yrs min","AMER","Bill Rate","$130","$143","/hr","Insight Global AMER negotiated rate card 2026. US rate. Specialized = niche/specific technology premium.","2026-04-01"
"Contingent Workforce","Test Automation Engineer","1 yr min","AMER","Bill Rate","$76","$84","/hr","Insight Global AMER negotiated rate card 2026. US rate. ","2026-04-01"
"Contingent Workforce","Test Automation Engineer (Specialized)","1 yr min","AMER","Bill Rate","$84","$92","/hr","Insight Global AMER negotiated rate card 2026. US rate. Specialized = niche/specific technology premium.","2026-04-01"
"Contingent Workforce","Test Performance Engineer","1 yr min","AMER","Bill Rate","$76","$84","/hr","Insight Global AMER negotiated rate card 2026. US rate. ","2026-04-01"
"Contingent Workforce","Test Performance Engineer (Specialized)","1 yr min","AMER","Bill Rate","$84","$92","/hr","Insight Global AMER negotiated rate card 2026. US rate. Specialized = niche/specific technology premium.","2026-04-01"
"Contingent Workforce","Software Developer","1-3 Years","APAC","Bill Rate","$18","$28","/hr","Insight Global India rate card 2026. USD hourly.","2026-04-01"
"Contingent Workforce","Software Developer","3-5 Years","APAC","Bill Rate","$31","$40","/hr","Insight Global India rate card 2026. USD hourly.","2026-04-01"
"Contingent Workforce","Software Developer","5-7 Years","APAC","Bill Rate","$43","$49","/hr","Insight Global India rate card 2026. USD hourly.","2026-04-01"
"Contingent Workforce","Lead Software Developer","7+ Years","APAC","Bill Rate","$48","$58","/hr","Insight Global India rate card 2026. USD hourly.","2026-04-01"
"Contingent Workforce","UI/UX Developer","1-3 Years","APAC","Bill Rate","$17","$26","/hr","Insight Global India rate card 2026. USD hourly.","2026-04-01"
"Contingent Workforce","UI/UX Developer","3-5 Years","APAC","Bill Rate","$29","$38","/hr","Insight Global India rate card 2026. USD hourly.","2026-04-01"
"Contingent Workforce","UI/UX Developer","5-7 Years","APAC","Bill Rate","$41","$48","/hr","Insight Global India rate card 2026. USD hourly.","2026-04-01"
"Contingent Workforce","Lead UI/UX Developer","7+ Years","APAC","Bill Rate","$48","$53","/hr","Insight Global India rate card 2026. USD hourly.","2026-04-01"
"Contingent Workforce","UX Researcher","5+ Years","APAC","Bill Rate","$37","$44","/hr","Insight Global India rate card 2026. USD hourly.","2026-04-01"
"Contingent Workforce","DevOps Engineer","1-3 Years","APAC","Bill Rate","$19","$28","/hr","Insight Global India rate card 2026. USD hourly.","2026-04-01"
"Contingent Workforce","DevOps Engineer","3-5 Years","APAC","Bill Rate","$31","$41","/hr","Insight Global India rate card 2026. USD hourly.","2026-04-01"
"Contingent Workforce","DevOps Engineer","5-7 Years","APAC","Bill Rate","$44","$50","/hr","Insight Global India rate card 2026. USD hourly.","2026-04-01"
"Contingent Workforce","Lead DevOps Engineer","7+ Years","APAC","Bill Rate","$54","$62","/hr","Insight Global India rate card 2026. USD hourly.","2026-04-01"
"Contingent Workforce","Data Engineer","1-3 Years","APAC","Bill Rate","$20","$29","/hr","Insight Global India rate card 2026. USD hourly.","2026-04-01"
"Contingent Workforce","Data Engineer","3-5 Years","APAC","Bill Rate","$32","$41","/hr","Insight Global India rate card 2026. USD hourly.","2026-04-01"
"Contingent Workforce","Data Engineer","5-7 Years","APAC","Bill Rate","$45","$51","/hr","Insight Global India rate card 2026. USD hourly.","2026-04-01"
"Contingent Workforce","Lead Data Engineer","7+ Years","APAC","Bill Rate","$51","$57","/hr","Insight Global India rate card 2026. USD hourly.","2026-04-01"
"Contingent Workforce","Data Scientist","3-5 Years","APAC","Bill Rate","$21","$31","/hr","Insight Global India rate card 2026. USD hourly.","2026-04-01"
"Contingent Workforce","Data Scientist","5-7 Years","APAC","Bill Rate","$34","$43","/hr","Insight Global India rate card 2026. USD hourly.","2026-04-01"
"Contingent Workforce","Senior Data Scientist","7+ Years","APAC","Bill Rate","$50","$59","/hr","Insight Global India rate card 2026. USD hourly.","2026-04-01"
"Contingent Workforce","Data Analyst","1-3 Years","APAC","Bill Rate","$15","$24","/hr","Insight Global India rate card 2026. USD hourly.","2026-04-01"
"Contingent Workforce","Data Analyst","3-5 Years","APAC","Bill Rate","$28","$34","/hr","Insight Global India rate card 2026. USD hourly.","2026-04-01"
"Contingent Workforce","Data Analyst","5-7 Years","APAC","Bill Rate","$37","$43","/hr","Insight Global India rate card 2026. USD hourly.","2026-04-01"
"Contingent Workforce","Senior Data Analyst","7+ Years","APAC","Bill Rate","$45","$50","/hr","Insight Global India rate card 2026. USD hourly.","2026-04-01"
"Contingent Workforce","Data Management Analyst","1-3 Years","APAC","Bill Rate","$15","$24","/hr","Insight Global India rate card 2026. USD hourly.","2026-04-01"
"Contingent Workforce","Data Management Analyst","3-5 Years","APAC","Bill Rate","$28","$34","/hr","Insight Global India rate card 2026. USD hourly.","2026-04-01"
"Contingent Workforce","Data Management Analyst","5-7 Years","APAC","Bill Rate","$37","$43","/hr","Insight Global India rate card 2026. USD hourly.","2026-04-01"
"Contingent Workforce","Data Management Analyst","7+ Years","APAC","Bill Rate","$45","$50","/hr","Insight Global India rate card 2026. USD hourly.","2026-04-01"
"Contingent Workforce","Enterprise Architect","5-8 Years","APAC","Bill Rate","$59","$65","/hr","Insight Global India rate card 2026. USD hourly.","2026-04-01"
"Contingent Workforce","Enterprise Architect","9-12 Years","APAC","Bill Rate","$73","$80","/hr","Insight Global India rate card 2026. USD hourly.","2026-04-01"
"Contingent Workforce","Lead Enterprise Architect","12+ Years","APAC","Bill Rate","$87","$89","/hr","Insight Global India rate card 2026. USD hourly.","2026-04-01"
"Contingent Workforce","Lead Solutions / Applications / System Architect","12+ Years","APAC","Bill Rate","$87","$89","/hr","Insight Global India rate card 2026. USD hourly.","2026-04-01"
"Contingent Workforce","Data Architect","5-7 Years","APAC","Bill Rate","$76","$80","/hr","Insight Global India rate card 2026. USD hourly.","2026-04-01"
"Contingent Workforce","Data Architect","7+ Years","APAC","Bill Rate","$87","$89","/hr","Insight Global India rate card 2026. USD hourly.","2026-04-01"
"Contingent Workforce","Cloud Engineer","3-5 Years","APAC","Bill Rate","$35","$44","/hr","Insight Global India rate card 2026. USD hourly.","2026-04-01"
"Contingent Workforce","Cloud Engineer","5-7 Years","APAC","Bill Rate","$47","$56","/hr","Insight Global India rate card 2026. USD hourly.","2026-04-01"
"Contingent Workforce","Cloud Architect","7+ Years","APAC","Bill Rate","$59","$62","/hr","Insight Global India rate card 2026. USD hourly.","2026-04-01"
"Contingent Workforce","Machine Learning Engineer","3-5 Years","APAC","Bill Rate","$37","$46","/hr","Insight Global India rate card 2026. USD hourly.","2026-04-01"
"Contingent Workforce","Senior Machine Learning Engineer","5-7 Years","APAC","Bill Rate","$49","$59","/hr","Insight Global India rate card 2026. USD hourly.","2026-04-01"
"Contingent Workforce","Principal Machine Learning Engineer","7+ Years","APAC","Bill Rate","$60","$67","/hr","Insight Global India rate card 2026. USD hourly.","2026-04-01"
"Contingent Workforce","Tester / QA Analyst / SDET","1-3 Years","APAC","Bill Rate","$21","$28","/hr","Insight Global India rate card 2026. USD hourly.","2026-04-01"
"Contingent Workforce","Tester / QA Analyst / SDET","3-5 Years","APAC","Bill Rate","$31","$37","/hr","Insight Global India rate card 2026. USD hourly.","2026-04-01"
"Contingent Workforce","Tester / QA Analyst / SDET","5-7 Years","APAC","Bill Rate","$40","$49","/hr","Insight Global India rate card 2026. USD hourly.","2026-04-01"
"Contingent Workforce","Test Manager / QA Manager / SDET Lead","7+ Years","APAC","Bill Rate","$54","$54","/hr","Insight Global India rate card 2026. USD hourly.","2026-04-01"
"Contingent Workforce","Database Administrator","1-3 Years","APAC","Bill Rate","$17","$26","/hr","Insight Global India rate card 2026. USD hourly.","2026-04-01"
"Contingent Workforce","Database Administrator","3-5 Years","APAC","Bill Rate","$29","$38","/hr","Insight Global India rate card 2026. USD hourly.","2026-04-01"
"Contingent Workforce","Database Administrator","5-7 Years","APAC","Bill Rate","$41","$51","/hr","Insight Global India rate card 2026. USD hourly.","2026-04-01"
"Contingent Workforce","Lead Database Administrator","7+ Years","APAC","Bill Rate","$52","$57","/hr","Insight Global India rate card 2026. USD hourly.","2026-04-01"
"Contingent Workforce","System Administrator","3-5 Years","APAC","Bill Rate","$29","$38","/hr","Insight Global India rate card 2026. USD hourly.","2026-04-01"
"Contingent Workforce","Sr System Administrator","5+ Years","APAC","Bill Rate","$41","$51","/hr","Insight Global India rate card 2026. USD hourly.","2026-04-01"
"Contingent Workforce","Production Support Analyst","1-3 Years","APAC","Bill Rate","$12","$21","/hr","Insight Global India rate card 2026. USD hourly.","2026-04-01"
"Contingent Workforce","Production Support Analyst","3-5 Years","APAC","Bill Rate","$24","$34","/hr","Insight Global India rate card 2026. USD hourly.","2026-04-01"
"Contingent Workforce","Production Support Lead","5-7 Years","APAC","Bill Rate","$37","$46","/hr","Insight Global India rate card 2026. USD hourly.","2026-04-01"
"Contingent Workforce","Production Support Manager","7+ Years","APAC","Bill Rate","$48","$53","/hr","Insight Global India rate card 2026. USD hourly.","2026-04-01"
"Contingent Workforce","Business Analyst","1-3 Years","APAC","Bill Rate","$12","$21","/hr","Insight Global India rate card 2026. USD hourly.","2026-04-01"
"Contingent Workforce","Business Analyst","3-5 Years","APAC","Bill Rate","$24","$34","/hr","Insight Global India rate card 2026. USD hourly.","2026-04-01"
"Contingent Workforce","Business Analyst","5-7 Years","APAC","Bill Rate","$37","$46","/hr","Insight Global India rate card 2026. USD hourly.","2026-04-01"
"Contingent Workforce","Lead Business Analyst","7+ Years","APAC","Bill Rate","$48","$53","/hr","Insight Global India rate card 2026. USD hourly.","2026-04-01"
"Contingent Workforce","Business Systems Analyst","3-5 Years","APAC","Bill Rate","$13","$22","/hr","Insight Global India rate card 2026. USD hourly.","2026-04-01"
"Contingent Workforce","Business Systems Analyst","5-7 Years","APAC","Bill Rate","$25","$35","/hr","Insight Global India rate card 2026. USD hourly.","2026-04-01"
"Contingent Workforce","Lead Business Systems Analyst","7+ Years","APAC","Bill Rate","$36","$41","/hr","Insight Global India rate card 2026. USD hourly.","2026-04-01"
"Contingent Workforce","Project Coordinator","1-3 Years","APAC","Bill Rate","$11","$21","/hr","Insight Global India rate card 2026. USD hourly.","2026-04-01"
"Contingent Workforce","Project Manager","3-5 Years","APAC","Bill Rate","$25","$35","/hr","Insight Global India rate card 2026. USD hourly.","2026-04-01"
"Contingent Workforce","Project Manager","7+ Years","APAC","Bill Rate","$35","$41","/hr","Insight Global India rate card 2026. USD hourly.","2026-04-01"
"Contingent Workforce","Senior Project Manager","9+ Years","APAC","Bill Rate","$43","$50","/hr","Insight Global India rate card 2026. USD hourly.","2026-04-01"
"Contingent Workforce","Program Manager","10-15 Years","APAC","Bill Rate","$53","$62","/hr","Insight Global India rate card 2026. USD hourly.","2026-04-01"
"Contingent Workforce","Program Director","15+ Years","APAC","Bill Rate","$66","$80","/hr","Insight Global India rate card 2026. USD hourly.","2026-04-01"
"Contingent Workforce","Scrum Master","3-5 Years","APAC","Bill Rate","$35","$41","/hr","Insight Global India rate card 2026. USD hourly.","2026-04-01"
"Contingent Workforce","Senior Scrum Master","5-7 Years","APAC","Bill Rate","$44","$50","/hr","Insight Global India rate card 2026. USD hourly.","2026-04-01"
"Contingent Workforce","Agile Coach","7+ Years","APAC","Bill Rate","$53","$59","/hr","Insight Global India rate card 2026. USD hourly.","2026-04-01"
"Contingent Workforce","Product Manager","5+ Years","APAC","Bill Rate","$41","$51","/hr","Insight Global India rate card 2026. USD hourly.","2026-04-01"
"Contingent Workforce","Senior Product Manager","7+ Years","APAC","Bill Rate","$53","$60","/hr","Insight Global India rate card 2026. USD hourly.","2026-04-01"
"Contingent Workforce","Product Manager Technical","5+ Years","APAC","Bill Rate","$52","$59","/hr","Insight Global India rate card 2026. USD hourly.","2026-04-01"
"Contingent Workforce","Senior Product Manager Technical","7+ Years","APAC","Bill Rate","$65","$72","/hr","Insight Global India rate card 2026. USD hourly.","2026-04-01"
"Contingent Workforce","Product Owner","1-3 Years","APAC","Bill Rate","$23","$29","/hr","Insight Global India rate card 2026. USD hourly.","2026-04-01"
"Contingent Workforce","Product Owner","3-5 Years","APAC","Bill Rate","$32","$38","/hr","Insight Global India rate card 2026. USD hourly.","2026-04-01"
"Contingent Workforce","Product Owner","5-7 Years","APAC","Bill Rate","$38","$45","/hr","Insight Global India rate card 2026. USD hourly.","2026-04-01"
"Contingent Workforce","Senior Product Owner","7+ Years","APAC","Bill Rate","$45","$59","/hr","Insight Global India rate card 2026. USD hourly.","2026-04-01"
"Contingent Workforce","Delivery / Relationship Manager","9+ Years","APAC","Bill Rate","$49","$55","/hr","Insight Global India rate card 2026. USD hourly.","2026-04-01"
"Contingent Workforce","Senior Delivery / Relationship Manager","12+ Years","APAC","Bill Rate","$59","$62","/hr","Insight Global India rate card 2026. USD hourly.","2026-04-01"
"Contingent Workforce","Vendor Manager","3-5 Years","APAC","Bill Rate","$48","$53","/hr","Insight Global India rate card 2026. USD hourly.","2026-04-01"
"Contingent Workforce","Senior Vendor Manager","5+ Years","APAC","Bill Rate","$57","$60","/hr","Insight Global India rate card 2026. USD hourly.","2026-04-01"
"Contingent Workforce","Technical Writer","3-5 Years","APAC","Bill Rate","$17","$26","/hr","Insight Global India rate card 2026. USD hourly.","2026-04-01"
"Contingent Workforce","Technical Writer","5-7 Years","APAC","Bill Rate","$29","$38","/hr","Insight Global India rate card 2026. USD hourly.","2026-04-01"
"Contingent Workforce","Technical Writer","7+ Years","APAC","Bill Rate","$41","$51","/hr","Insight Global India rate card 2026. USD hourly.","2026-04-01"
"Contingent Workforce","Helpdesk Support Level I","3-5 Years","APAC","Bill Rate","$12","$21","/hr","Insight Global India rate card 2026. USD hourly.","2026-04-01"
"Contingent Workforce","Helpdesk Support Level II","5-7 Years","APAC","Bill Rate","$24","$34","/hr","Insight Global India rate card 2026. USD hourly.","2026-04-01"
"Contingent Workforce","Helpdesk Lead","7+ Years","APAC","Bill Rate","$37","$40","/hr","Insight Global India rate card 2026. USD hourly.","2026-04-01"
"Contingent Workforce","Network Tech","1-3 Years","APAC","Bill Rate","$17","$26","/hr","Insight Global India rate card 2026. USD hourly.","2026-04-01"
"Contingent Workforce","Network Tech","3-5 Years","APAC","Bill Rate","$29","$38","/hr","Insight Global India rate card 2026. USD hourly.","2026-04-01"
"Contingent Workforce","Network Engineer","5-7 Years","APAC","Bill Rate","$41","$51","/hr","Insight Global India rate card 2026. USD hourly.","2026-04-01"
"Contingent Workforce","Network Engineer","7+ Years","APAC","Bill Rate","$54","$63","/hr","Insight Global India rate card 2026. USD hourly.","2026-04-01"
"Contingent Workforce","Network Architect","7-10+ Years","APAC","Bill Rate","$65","$73","/hr","Insight Global India rate card 2026. USD hourly.","2026-04-01"
"Contingent Workforce","Network Architect","10+ Years","APAC","Bill Rate","$77","$82","/hr","Insight Global India rate card 2026. USD hourly.","2026-04-01"
"Contingent Workforce","Network Project Manager","5-7 Years","APAC","Bill Rate","$49","$59","/hr","Insight Global India rate card 2026. USD hourly.","2026-04-01"
"Contingent Workforce","Network Project Manager","7-10+ Years","APAC","Bill Rate","$62","$68","/hr","Insight Global India rate card 2026. USD hourly.","2026-04-01"
"Contingent Workforce","Security Analyst","1-3 Years","APAC","Bill Rate","$12","$21","/hr","Insight Global India rate card 2026. USD hourly.","2026-04-01"
"Contingent Workforce","Security Analyst","3-5 Years","APAC","Bill Rate","$24","$34","/hr","Insight Global India rate card 2026. USD hourly.","2026-04-01"
"Contingent Workforce","Security Analyst","5-7 Years","APAC","Bill Rate","$37","$40","/hr","Insight Global India rate card 2026. USD hourly.","2026-04-01"
"Contingent Workforce","Senior Security Analyst","7+ Years","APAC","Bill Rate","$41","$51","/hr","Insight Global India rate card 2026. USD hourly.","2026-04-01"
"Contingent Workforce","Security Engineer","3-5 Years","APAC","Bill Rate","$27","$38","/hr","Insight Global India rate card 2026. USD hourly.","2026-04-01"
"Contingent Workforce","Security Engineer","5-7 Years","APAC","Bill Rate","$40","$48","/hr","Insight Global India rate card 2026. USD hourly.","2026-04-01"
"Contingent Workforce","Senior Security Engineer","7+ Years","APAC","Bill Rate","$49","$57","/hr","Insight Global India rate card 2026. USD hourly.","2026-04-01"
"Contingent Workforce","Security Architect","7-10 Years","APAC","Bill Rate","$54","$62","/hr","Insight Global India rate card 2026. USD hourly.","2026-04-01"
"Contingent Workforce","Senior Security Architect","10+ Years","APAC","Bill Rate","$64","$72","/hr","Insight Global India rate card 2026. USD hourly.","2026-04-01"
"Contingent Workforce","Software Developer","1-3 Years","LATAM","Bill Rate","$37","$46","/hr","Insight Global LATAM rate card 2026. Brazil rates shown (Chile/Colombia/Costa Rica/Mexico similar ±10%).","2026-04-01"
"Contingent Workforce","Software Developer","3-5 Years","LATAM","Bill Rate","$46","$55","/hr","Insight Global LATAM rate card 2026. Brazil rates shown (Chile/Colombia/Costa Rica/Mexico similar ±10%).","2026-04-01"
"Contingent Workforce","Software Developer","5-7 Years","LATAM","Bill Rate","$55","$63","/hr","Insight Global LATAM rate card 2026. Brazil rates shown (Chile/Colombia/Costa Rica/Mexico similar ±10%).","2026-04-01"
"Contingent Workforce","Lead Software Developer","7+ Years","LATAM","Bill Rate","$63","$75","/hr","Insight Global LATAM rate card 2026. Brazil rates shown (Chile/Colombia/Costa Rica/Mexico similar ±10%).","2026-04-01"
"Contingent Workforce","UI/UX Developer","1-3 Years","LATAM","Bill Rate","$34","$44","/hr","Insight Global LATAM rate card 2026. Brazil rates shown (Chile/Colombia/Costa Rica/Mexico similar ±10%).","2026-04-01"
"Contingent Workforce","UI/UX Developer","3-5 Years","LATAM","Bill Rate","$44","$51","/hr","Insight Global LATAM rate card 2026. Brazil rates shown (Chile/Colombia/Costa Rica/Mexico similar ±10%).","2026-04-01"
"Contingent Workforce","UI/UX Developer","5-7 Years","LATAM","Bill Rate","$51","$61","/hr","Insight Global LATAM rate card 2026. Brazil rates shown (Chile/Colombia/Costa Rica/Mexico similar ±10%).","2026-04-01"
"Contingent Workforce","Lead UI/UX Developer","7+ Years","LATAM","Bill Rate","$58","$72","/hr","Insight Global LATAM rate card 2026. Brazil rates shown (Chile/Colombia/Costa Rica/Mexico similar ±10%).","2026-04-01"
"Contingent Workforce","UX Researcher","5+ Years","LATAM","Bill Rate","$46","$60","/hr","Insight Global LATAM rate card 2026. Brazil rates shown (Chile/Colombia/Costa Rica/Mexico similar ±10%).","2026-04-01"
"Contingent Workforce","DevOps Engineer","1-3 Years","LATAM","Bill Rate","$34","$44","/hr","Insight Global LATAM rate card 2026. Brazil rates shown (Chile/Colombia/Costa Rica/Mexico similar ±10%).","2026-04-01"
"Contingent Workforce","DevOps Engineer","3-5 Years","LATAM","Bill Rate","$46","$53","/hr","Insight Global LATAM rate card 2026. Brazil rates shown (Chile/Colombia/Costa Rica/Mexico similar ±10%).","2026-04-01"
"Contingent Workforce","DevOps Engineer","5-7 Years","LATAM","Bill Rate","$55","$65","/hr","Insight Global LATAM rate card 2026. Brazil rates shown (Chile/Colombia/Costa Rica/Mexico similar ±10%).","2026-04-01"
"Contingent Workforce","Lead DevOps Engineer","7+ Years","LATAM","Bill Rate","$65","$79","/hr","Insight Global LATAM rate card 2026. Brazil rates shown (Chile/Colombia/Costa Rica/Mexico similar ±10%).","2026-04-01"
"Contingent Workforce","Data Engineer","1-3 Years","LATAM","Bill Rate","$32","$43","/hr","Insight Global LATAM rate card 2026. Brazil rates shown (Chile/Colombia/Costa Rica/Mexico similar ±10%).","2026-04-01"
"Contingent Workforce","Data Engineer","3-5 Years","LATAM","Bill Rate","$43","$51","/hr","Insight Global LATAM rate card 2026. Brazil rates shown (Chile/Colombia/Costa Rica/Mexico similar ±10%).","2026-04-01"
"Contingent Workforce","Data Engineer","5-7 Years","LATAM","Bill Rate","$53","$60","/hr","Insight Global LATAM rate card 2026. Brazil rates shown (Chile/Colombia/Costa Rica/Mexico similar ±10%).","2026-04-01"
"Contingent Workforce","Lead Data Engineer","7+ Years","LATAM","Bill Rate","$58","$68","/hr","Insight Global LATAM rate card 2026. Brazil rates shown (Chile/Colombia/Costa Rica/Mexico similar ±10%).","2026-04-01"
"Contingent Workforce","Data Scientist","3-5 Years","LATAM","Bill Rate","$46","$55","/hr","Insight Global LATAM rate card 2026. Brazil rates shown (Chile/Colombia/Costa Rica/Mexico similar ±10%).","2026-04-01"
"Contingent Workforce","Data Scientist","5-7 Years","LATAM","Bill Rate","$55","$63","/hr","Insight Global LATAM rate card 2026. Brazil rates shown (Chile/Colombia/Costa Rica/Mexico similar ±10%).","2026-04-01"
"Contingent Workforce","Senior Data Scientist","7+ Years","LATAM","Bill Rate","$63","$72","/hr","Insight Global LATAM rate card 2026. Brazil rates shown (Chile/Colombia/Costa Rica/Mexico similar ±10%).","2026-04-01"
"Contingent Workforce","Data Analyst","1-3 Years","LATAM","Bill Rate","$29","$37","/hr","Insight Global LATAM rate card 2026. Brazil rates shown (Chile/Colombia/Costa Rica/Mexico similar ±10%).","2026-04-01"
"Contingent Workforce","Data Analyst","3-5 Years","LATAM","Bill Rate","$37","$46","/hr","Insight Global LATAM rate card 2026. Brazil rates shown (Chile/Colombia/Costa Rica/Mexico similar ±10%).","2026-04-01"
"Contingent Workforce","Data Analyst","5-7 Years","LATAM","Bill Rate","$46","$55","/hr","Insight Global LATAM rate card 2026. Brazil rates shown (Chile/Colombia/Costa Rica/Mexico similar ±10%).","2026-04-01"
"Contingent Workforce","Senior Data Analyst","7+ Years","LATAM","Bill Rate","$55","$63","/hr","Insight Global LATAM rate card 2026. Brazil rates shown (Chile/Colombia/Costa Rica/Mexico similar ±10%).","2026-04-01"
"Contingent Workforce","Data Management Analyst","1-3 Years","LATAM","Bill Rate","$29","$37","/hr","Insight Global LATAM rate card 2026. Brazil rates shown (Chile/Colombia/Costa Rica/Mexico similar ±10%).","2026-04-01"
"Contingent Workforce","Data Management Analyst","3-5 Years","LATAM","Bill Rate","$37","$46","/hr","Insight Global LATAM rate card 2026. Brazil rates shown (Chile/Colombia/Costa Rica/Mexico similar ±10%).","2026-04-01"
"Contingent Workforce","Data Management Analyst","5-7 Years","LATAM","Bill Rate","$46","$55","/hr","Insight Global LATAM rate card 2026. Brazil rates shown (Chile/Colombia/Costa Rica/Mexico similar ±10%).","2026-04-01"
"Contingent Workforce","Data Management Analyst","7+ Years","LATAM","Bill Rate","$55","$63","/hr","Insight Global LATAM rate card 2026. Brazil rates shown (Chile/Colombia/Costa Rica/Mexico similar ±10%).","2026-04-01"
"Contingent Workforce","Enterprise Architect","5-8 Years","LATAM","Bill Rate","$55","$68","/hr","Insight Global LATAM rate card 2026. Brazil rates shown (Chile/Colombia/Costa Rica/Mexico similar ±10%).","2026-04-01"
"Contingent Workforce","Enterprise Architect","9-12 Years","LATAM","Bill Rate","$68","$80","/hr","Insight Global LATAM rate card 2026. Brazil rates shown (Chile/Colombia/Costa Rica/Mexico similar ±10%).","2026-04-01"
"Contingent Workforce","Lead Enterprise Architect","12+ Years","LATAM","Bill Rate","$80","$89","/hr","Insight Global LATAM rate card 2026. Brazil rates shown (Chile/Colombia/Costa Rica/Mexico similar ±10%).","2026-04-01"
"Contingent Workforce","Lead Solutions / Applications / System Architect","12+ Years","LATAM","Bill Rate","$80","$89","/hr","Insight Global LATAM rate card 2026. Brazil rates shown (Chile/Colombia/Costa Rica/Mexico similar ±10%).","2026-04-01"
"Contingent Workforce","Data Architect","5-7 Years","LATAM","Bill Rate","$55","$68","/hr","Insight Global LATAM rate card 2026. Brazil rates shown (Chile/Colombia/Costa Rica/Mexico similar ±10%).","2026-04-01"
"Contingent Workforce","Data Architect","7+ Years","LATAM","Bill Rate","$68","$80","/hr","Insight Global LATAM rate card 2026. Brazil rates shown (Chile/Colombia/Costa Rica/Mexico similar ±10%).","2026-04-01"
"Contingent Workforce","Cloud Engineer","3-5 Years","LATAM","Bill Rate","$46","$55","/hr","Insight Global LATAM rate card 2026. Brazil rates shown (Chile/Colombia/Costa Rica/Mexico similar ±10%).","2026-04-01"
"Contingent Workforce","Cloud Engineer","5-7 Years","LATAM","Bill Rate","$55","$68","/hr","Insight Global LATAM rate card 2026. Brazil rates shown (Chile/Colombia/Costa Rica/Mexico similar ±10%).","2026-04-01"
"Contingent Workforce","Cloud Architect","7+ Years","LATAM","Bill Rate","$63","$80","/hr","Insight Global LATAM rate card 2026. Brazil rates shown (Chile/Colombia/Costa Rica/Mexico similar ±10%).","2026-04-01"
"Contingent Workforce","Machine Learning Engineer","3-5 Years","LATAM","Bill Rate","$49","$60","/hr","Insight Global LATAM rate card 2026. Brazil rates shown (Chile/Colombia/Costa Rica/Mexico similar ±10%).","2026-04-01"
"Contingent Workforce","Senior Machine Learning Engineer","5-7 Years","LATAM","Bill Rate","$58","$68","/hr","Insight Global LATAM rate card 2026. Brazil rates shown (Chile/Colombia/Costa Rica/Mexico similar ±10%).","2026-04-01"
"Contingent Workforce","Principal Machine Learning Engineer","7+ Years","LATAM","Bill Rate","$72","$80","/hr","Insight Global LATAM rate card 2026. Brazil rates shown (Chile/Colombia/Costa Rica/Mexico similar ±10%).","2026-04-01"
"Contingent Workforce","Tester / QA Analyst / SDET","1-3 Years","LATAM","Bill Rate","$24","$32","/hr","Insight Global LATAM rate card 2026. Brazil rates shown (Chile/Colombia/Costa Rica/Mexico similar ±10%).","2026-04-01"
"Contingent Workforce","Tester / QA Analyst / SDET","3-5 Years","LATAM","Bill Rate","$32","$43","/hr","Insight Global LATAM rate card 2026. Brazil rates shown (Chile/Colombia/Costa Rica/Mexico similar ±10%).","2026-04-01"
"Contingent Workforce","Tester / QA Analyst / SDET","5-7 Years","LATAM","Bill Rate","$43","$53","/hr","Insight Global LATAM rate card 2026. Brazil rates shown (Chile/Colombia/Costa Rica/Mexico similar ±10%).","2026-04-01"
"Contingent Workforce","Test Manager / QA Manager / SDET Lead","7+ Years","LATAM","Bill Rate","$51","$61","/hr","Insight Global LATAM rate card 2026. Brazil rates shown (Chile/Colombia/Costa Rica/Mexico similar ±10%).","2026-04-01"
"Contingent Workforce","Database Administrator","1-3 Years","LATAM","Bill Rate","$29","$37","/hr","Insight Global LATAM rate card 2026. Brazil rates shown (Chile/Colombia/Costa Rica/Mexico similar ±10%).","2026-04-01"
"Contingent Workforce","Database Administrator","3-5 Years","LATAM","Bill Rate","$37","$46","/hr","Insight Global LATAM rate card 2026. Brazil rates shown (Chile/Colombia/Costa Rica/Mexico similar ±10%).","2026-04-01"
"Contingent Workforce","Database Administrator","5-7 Years","LATAM","Bill Rate","$46","$55","/hr","Insight Global LATAM rate card 2026. Brazil rates shown (Chile/Colombia/Costa Rica/Mexico similar ±10%).","2026-04-01"
"Contingent Workforce","Lead Database Administrator","7+ Years","LATAM","Bill Rate","$55","$63","/hr","Insight Global LATAM rate card 2026. Brazil rates shown (Chile/Colombia/Costa Rica/Mexico similar ±10%).","2026-04-01"
"Contingent Workforce","System Administrator","3-5 Years","LATAM","Bill Rate","$34","$46","/hr","Insight Global LATAM rate card 2026. Brazil rates shown (Chile/Colombia/Costa Rica/Mexico similar ±10%).","2026-04-01"
"Contingent Workforce","Sr System Administrator","5+ Years","LATAM","Bill Rate","$46","$58","/hr","Insight Global LATAM rate card 2026. Brazil rates shown (Chile/Colombia/Costa Rica/Mexico similar ±10%).","2026-04-01"
"Contingent Workforce","Production Support Analyst","1-3 Years","LATAM","Bill Rate","$20","$29","/hr","Insight Global LATAM rate card 2026. Brazil rates shown (Chile/Colombia/Costa Rica/Mexico similar ±10%).","2026-04-01"
"Contingent Workforce","Production Support Analyst","3-5 Years","LATAM","Bill Rate","$31","$41","/hr","Insight Global LATAM rate card 2026. Brazil rates shown (Chile/Colombia/Costa Rica/Mexico similar ±10%).","2026-04-01"
"Contingent Workforce","Production Support Lead","5-7 Years","LATAM","Bill Rate","$41","$51","/hr","Insight Global LATAM rate card 2026. Brazil rates shown (Chile/Colombia/Costa Rica/Mexico similar ±10%).","2026-04-01"
"Contingent Workforce","Production Support Manager","7+ Years","LATAM","Bill Rate","$51","$63","/hr","Insight Global LATAM rate card 2026. Brazil rates shown (Chile/Colombia/Costa Rica/Mexico similar ±10%).","2026-04-01"
"Contingent Workforce","Business Analyst","1-3 Years","LATAM","Bill Rate","$31","$41","/hr","Insight Global LATAM rate card 2026. Brazil rates shown (Chile/Colombia/Costa Rica/Mexico similar ±10%).","2026-04-01"
"Contingent Workforce","Business Analyst","3-5 Years","LATAM","Bill Rate","$41","$49","/hr","Insight Global LATAM rate card 2026. Brazil rates shown (Chile/Colombia/Costa Rica/Mexico similar ±10%).","2026-04-01"
"Contingent Workforce","Business Analyst","5-7 Years","LATAM","Bill Rate","$51","$61","/hr","Insight Global LATAM rate card 2026. Brazil rates shown (Chile/Colombia/Costa Rica/Mexico similar ±10%).","2026-04-01"
"Contingent Workforce","Lead Business Analyst","7+ Years","LATAM","Bill Rate","$58","$65","/hr","Insight Global LATAM rate card 2026. Brazil rates shown (Chile/Colombia/Costa Rica/Mexico similar ±10%).","2026-04-01"
"Contingent Workforce","Business Systems Analyst","3-5 Years","LATAM","Bill Rate","$44","$51","/hr","Insight Global LATAM rate card 2026. Brazil rates shown (Chile/Colombia/Costa Rica/Mexico similar ±10%).","2026-04-01"
"Contingent Workforce","Business Systems Analyst","5-7 Years","LATAM","Bill Rate","$53","$63","/hr","Insight Global LATAM rate card 2026. Brazil rates shown (Chile/Colombia/Costa Rica/Mexico similar ±10%).","2026-04-01"
"Contingent Workforce","Project Coordinator","1-3 Years","LATAM","Bill Rate","$27","$37","/hr","Insight Global LATAM rate card 2026. Brazil rates shown (Chile/Colombia/Costa Rica/Mexico similar ±10%).","2026-04-01"
"Contingent Workforce","Project Manager","3-5 Years","LATAM","Bill Rate","$37","$51","/hr","Insight Global LATAM rate card 2026. Brazil rates shown (Chile/Colombia/Costa Rica/Mexico similar ±10%).","2026-04-01"
"Contingent Workforce","Project Manager","7+ Years","LATAM","Bill Rate","$51","$63","/hr","Insight Global LATAM rate card 2026. Brazil rates shown (Chile/Colombia/Costa Rica/Mexico similar ±10%).","2026-04-01"
"Contingent Workforce","Senior Project Manager","9+ Years","LATAM","Bill Rate","$58","$72","/hr","Insight Global LATAM rate card 2026. Brazil rates shown (Chile/Colombia/Costa Rica/Mexico similar ±10%).","2026-04-01"
"Contingent Workforce","Program Manager","10-15 Years","LATAM","Bill Rate","$68","$79","/hr","Insight Global LATAM rate card 2026. Brazil rates shown (Chile/Colombia/Costa Rica/Mexico similar ±10%).","2026-04-01"
"Contingent Workforce","Program Director","15+ Years","LATAM","Bill Rate","$72","$86","/hr","Insight Global LATAM rate card 2026. Brazil rates shown (Chile/Colombia/Costa Rica/Mexico similar ±10%).","2026-04-01"
"Contingent Workforce","Scrum Master","3-5 Years","LATAM","Bill Rate","$46","$53","/hr","Insight Global LATAM rate card 2026. Brazil rates shown (Chile/Colombia/Costa Rica/Mexico similar ±10%).","2026-04-01"
"Contingent Workforce","Senior Scrum Master","5-7 Years","LATAM","Bill Rate","$51","$58","/hr","Insight Global LATAM rate card 2026. Brazil rates shown (Chile/Colombia/Costa Rica/Mexico similar ±10%).","2026-04-01"
"Contingent Workforce","Agile Coach","7+ Years","LATAM","Bill Rate","$58","$68","/hr","Insight Global LATAM rate card 2026. Brazil rates shown (Chile/Colombia/Costa Rica/Mexico similar ±10%).","2026-04-01"
"Contingent Workforce","Product Manager","5+ Years","LATAM","Bill Rate","$46","$58","/hr","Insight Global LATAM rate card 2026. Brazil rates shown (Chile/Colombia/Costa Rica/Mexico similar ±10%).","2026-04-01"
"Contingent Workforce","Senior Product Manager","7+ Years","LATAM","Bill Rate","$58","$68","/hr","Insight Global LATAM rate card 2026. Brazil rates shown (Chile/Colombia/Costa Rica/Mexico similar ±10%).","2026-04-01"
"Contingent Workforce","Product Manager Technical","5+ Years","LATAM","Bill Rate","$48","$58","/hr","Insight Global LATAM rate card 2026. Brazil rates shown (Chile/Colombia/Costa Rica/Mexico similar ±10%).","2026-04-01"
"Contingent Workforce","Senior Product Manager Technical","7+ Years","LATAM","Bill Rate","$58","$72","/hr","Insight Global LATAM rate card 2026. Brazil rates shown (Chile/Colombia/Costa Rica/Mexico similar ±10%).","2026-04-01"
"Contingent Workforce","Product Owner","1-3 Years","LATAM","Bill Rate","$29","$37","/hr","Insight Global LATAM rate card 2026. Brazil rates shown (Chile/Colombia/Costa Rica/Mexico similar ±10%).","2026-04-01"
"Contingent Workforce","Product Owner","3-5 Years","LATAM","Bill Rate","$37","$46","/hr","Insight Global LATAM rate card 2026. Brazil rates shown (Chile/Colombia/Costa Rica/Mexico similar ±10%).","2026-04-01"
"Contingent Workforce","Product Owner","5-7 Years","LATAM","Bill Rate","$46","$55","/hr","Insight Global LATAM rate card 2026. Brazil rates shown (Chile/Colombia/Costa Rica/Mexico similar ±10%).","2026-04-01"
"Contingent Workforce","Senior Product Owner","7+ Years","LATAM","Bill Rate","$55","$63","/hr","Insight Global LATAM rate card 2026. Brazil rates shown (Chile/Colombia/Costa Rica/Mexico similar ±10%).","2026-04-01"
"Contingent Workforce","Delivery / Relationship Manager","9+ Years","LATAM","Bill Rate","$39","$80","/hr","Insight Global LATAM rate card 2026. Brazil rates shown (Chile/Colombia/Costa Rica/Mexico similar ±10%).","2026-04-01"
"Contingent Workforce","Senior Delivery / Relationship Manager","12+ Years","LATAM","Bill Rate","$45","$89","/hr","Insight Global LATAM rate card 2026. Brazil rates shown (Chile/Colombia/Costa Rica/Mexico similar ±10%).","2026-04-01"
"Contingent Workforce","Vendor Manager","3-5 Years","LATAM","Bill Rate","$55","$63","/hr","Insight Global LATAM rate card 2026. Brazil rates shown (Chile/Colombia/Costa Rica/Mexico similar ±10%).","2026-04-01"
"Contingent Workforce","Senior Vendor Manager","5+ Years","LATAM","Bill Rate","$64","$71","/hr","Insight Global LATAM rate card 2026. Brazil rates shown (Chile/Colombia/Costa Rica/Mexico similar ±10%).","2026-04-01"
"Contingent Workforce","Technical Writer","3-5 Years","LATAM","Bill Rate","$29","$37","/hr","Insight Global LATAM rate card 2026. Brazil rates shown (Chile/Colombia/Costa Rica/Mexico similar ±10%).","2026-04-01"
"Contingent Workforce","Technical Writer","5-7 Years","LATAM","Bill Rate","$37","$46","/hr","Insight Global LATAM rate card 2026. Brazil rates shown (Chile/Colombia/Costa Rica/Mexico similar ±10%).","2026-04-01"
"Contingent Workforce","Technical Writer","7+ Years","LATAM","Bill Rate","$46","$55","/hr","Insight Global LATAM rate card 2026. Brazil rates shown (Chile/Colombia/Costa Rica/Mexico similar ±10%).","2026-04-01"
"Contingent Workforce","Helpdesk Support Level I","3-5 Years","LATAM","Bill Rate","$13","$24","/hr","Insight Global LATAM rate card 2026. Brazil rates shown (Chile/Colombia/Costa Rica/Mexico similar ±10%).","2026-04-01"
"Contingent Workforce","Helpdesk Support Level II","5-7 Years","LATAM","Bill Rate","$20","$29","/hr","Insight Global LATAM rate card 2026. Brazil rates shown (Chile/Colombia/Costa Rica/Mexico similar ±10%).","2026-04-01"
"Contingent Workforce","Helpdesk Lead","7+ Years","LATAM","Bill Rate","$29","$37","/hr","Insight Global LATAM rate card 2026. Brazil rates shown (Chile/Colombia/Costa Rica/Mexico similar ±10%).","2026-04-01"
"Contingent Workforce","Network Tech","1-3 Years","LATAM","Bill Rate","$24","$34","/hr","Insight Global LATAM rate card 2026. Brazil rates shown (Chile/Colombia/Costa Rica/Mexico similar ±10%).","2026-04-01"
"Contingent Workforce","Network Tech","3-5 Years","LATAM","Bill Rate","$34","$44","/hr","Insight Global LATAM rate card 2026. Brazil rates shown (Chile/Colombia/Costa Rica/Mexico similar ±10%).","2026-04-01"
"Contingent Workforce","Network Engineer","5-7 Years","LATAM","Bill Rate","$46","$55","/hr","Insight Global LATAM rate card 2026. Brazil rates shown (Chile/Colombia/Costa Rica/Mexico similar ±10%).","2026-04-01"
"Contingent Workforce","Network Engineer","7+ Years","LATAM","Bill Rate","$55","$63","/hr","Insight Global LATAM rate card 2026. Brazil rates shown (Chile/Colombia/Costa Rica/Mexico similar ±10%).","2026-04-01"
"Contingent Workforce","Network Architect","7-10+ Years","LATAM","Bill Rate","$63","$72","/hr","Insight Global LATAM rate card 2026. Brazil rates shown (Chile/Colombia/Costa Rica/Mexico similar ±10%).","2026-04-01"
"Contingent Workforce","Network Architect","10+ Years","LATAM","Bill Rate","$72","$80","/hr","Insight Global LATAM rate card 2026. Brazil rates shown (Chile/Colombia/Costa Rica/Mexico similar ±10%).","2026-04-01"
"Contingent Workforce","Network Project Manager","5-7 Years","LATAM","Bill Rate","$51","$61","/hr","Insight Global LATAM rate card 2026. Brazil rates shown (Chile/Colombia/Costa Rica/Mexico similar ±10%).","2026-04-01"
"Contingent Workforce","Network Project Manager","7-10+ Years","LATAM","Bill Rate","$61","$72","/hr","Insight Global LATAM rate card 2026. Brazil rates shown (Chile/Colombia/Costa Rica/Mexico similar ±10%).","2026-04-01"
"Contingent Workforce","Security Analyst","1-3 Years","LATAM","Bill Rate","$34","$41","/hr","Insight Global LATAM rate card 2026. Brazil rates shown (Chile/Colombia/Costa Rica/Mexico similar ±10%).","2026-04-01"
"Contingent Workforce","Security Analyst","3-5 Years","LATAM","Bill Rate","$43","$49","/hr","Insight Global LATAM rate card 2026. Brazil rates shown (Chile/Colombia/Costa Rica/Mexico similar ±10%).","2026-04-01"
"Contingent Workforce","Security Analyst","5-7 Years","LATAM","Bill Rate","$51","$58","/hr","Insight Global LATAM rate card 2026. Brazil rates shown (Chile/Colombia/Costa Rica/Mexico similar ±10%).","2026-04-01"
"Contingent Workforce","Senior Security Analyst","7+ Years","LATAM","Bill Rate","$58","$65","/hr","Insight Global LATAM rate card 2026. Brazil rates shown (Chile/Colombia/Costa Rica/Mexico similar ±10%).","2026-04-01"
"Contingent Workforce","Security Engineer","3-5 Years","LATAM","Bill Rate","$46","$53","/hr","Insight Global LATAM rate card 2026. Brazil rates shown (Chile/Colombia/Costa Rica/Mexico similar ±10%).","2026-04-01"
"Contingent Workforce","Security Engineer","5-7 Years","LATAM","Bill Rate","$55","$65","/hr","Insight Global LATAM rate card 2026. Brazil rates shown (Chile/Colombia/Costa Rica/Mexico similar ±10%).","2026-04-01"
"Contingent Workforce","Senior Security Engineer","7+ Years","LATAM","Bill Rate","$65","$79","/hr","Insight Global LATAM rate card 2026. Brazil rates shown (Chile/Colombia/Costa Rica/Mexico similar ±10%).","2026-04-01"
"Contingent Workforce","Security Architect","7-10 Years","LATAM","Bill Rate","$72","$80","/hr","Insight Global LATAM rate card 2026. Brazil rates shown (Chile/Colombia/Costa Rica/Mexico similar ±10%).","2026-04-01"
"Contingent Workforce","Senior Security Architect","10+ Years","LATAM","Bill Rate","$80","$89","/hr","Insight Global LATAM rate card 2026. Brazil rates shown (Chile/Colombia/Costa Rica/Mexico similar ±10%).","2026-04-01"
"Contingent Workforce","Software Developer","1-3 Years","EMEA","Bill Rate","$45","$53","/hr","Insight Global Europe rate card 2026. Poland USD rates. ","2026-04-01"
"Contingent Workforce","Software Developer","3-5 Years","EMEA","Bill Rate","$54","$63","/hr","Insight Global Europe rate card 2026. Poland USD rates. ","2026-04-01"
"Contingent Workforce","Software Developer","5-7 Years","EMEA","Bill Rate","$67","$78","/hr","Insight Global Europe rate card 2026. Poland USD rates. ","2026-04-01"
"Contingent Workforce","Lead Software Developer","7+ Years","EMEA","Bill Rate","$87","$102","/hr","Insight Global Europe rate card 2026. Poland USD rates. ","2026-04-01"
"Contingent Workforce","UI/UX Developer","1-3 Years","EMEA","Bill Rate","$52","$60","/hr","Insight Global Europe rate card 2026. Poland USD rates. ","2026-04-01"
"Contingent Workforce","UI/UX Developer","3-5 Years","EMEA","Bill Rate","$58","$67","/hr","Insight Global Europe rate card 2026. Poland USD rates. ","2026-04-01"
"Contingent Workforce","UI/UX Developer","5-7 Years","EMEA","Bill Rate","$64","$74","/hr","Insight Global Europe rate card 2026. Poland USD rates. ","2026-04-01"
"Contingent Workforce","Lead UI/UX Developer","7+ Years","EMEA","Bill Rate","$78","$91","/hr","Insight Global Europe rate card 2026. Poland USD rates. ","2026-04-01"
"Contingent Workforce","UX Researcher","5+ Years","EMEA","Bill Rate","$64","$75","/hr","Insight Global Europe rate card 2026. Poland USD rates. ","2026-04-01"
"Contingent Workforce","DevOps Engineer","1-3 Years","EMEA","Bill Rate","$53","$62","/hr","Insight Global Europe rate card 2026. Poland USD rates. ","2026-04-01"
"Contingent Workforce","DevOps Engineer","3-5 Years","EMEA","Bill Rate","$59","$69","/hr","Insight Global Europe rate card 2026. Poland USD rates. ","2026-04-01"
"Contingent Workforce","DevOps Engineer","5-7 Years","EMEA","Bill Rate","$66","$77","/hr","Insight Global Europe rate card 2026. Poland USD rates. ","2026-04-01"
"Contingent Workforce","Lead DevOps Engineer","7+ Years","EMEA","Bill Rate","$75","$88","/hr","Insight Global Europe rate card 2026. Poland USD rates. ","2026-04-01"
"Contingent Workforce","Data Engineer","1-3 Years","EMEA","Bill Rate","$54","$63","/hr","Insight Global Europe rate card 2026. Poland USD rates. ","2026-04-01"
"Contingent Workforce","Data Engineer","3-5 Years","EMEA","Bill Rate","$60","$70","/hr","Insight Global Europe rate card 2026. Poland USD rates. ","2026-04-01"
"Contingent Workforce","Data Engineer","5-7 Years","EMEA","Bill Rate","$75","$88","/hr","Insight Global Europe rate card 2026. Poland USD rates. ","2026-04-01"
"Contingent Workforce","Lead Data Engineer","7+ Years","EMEA","Bill Rate","$84","$98","/hr","Insight Global Europe rate card 2026. Poland USD rates. ","2026-04-01"
"Contingent Workforce","Data Scientist","3-5 Years","EMEA","Bill Rate","$60","$70","/hr","Insight Global Europe rate card 2026. Poland USD rates. ","2026-04-01"
"Contingent Workforce","Data Scientist","5-7 Years","EMEA","Bill Rate","$72","$84","/hr","Insight Global Europe rate card 2026. Poland USD rates. ","2026-04-01"
"Contingent Workforce","Senior Data Scientist","7+ Years","EMEA","Bill Rate","$99","$116","/hr","Insight Global Europe rate card 2026. Poland USD rates. ","2026-04-01"
"Contingent Workforce","Data Analyst","1-3 Years","EMEA","Bill Rate","$42","$49","/hr","Insight Global Europe rate card 2026. Poland USD rates. ","2026-04-01"
"Contingent Workforce","Data Analyst","3-5 Years","EMEA","Bill Rate","$51","$60","/hr","Insight Global Europe rate card 2026. Poland USD rates. ","2026-04-01"
"Contingent Workforce","Data Analyst","5-7 Years","EMEA","Bill Rate","$60","$70","/hr","Insight Global Europe rate card 2026. Poland USD rates. ","2026-04-01"
"Contingent Workforce","Senior Data Analyst","7+ Years","EMEA","Bill Rate","$69","$81","/hr","Insight Global Europe rate card 2026. Poland USD rates. ","2026-04-01"
"Contingent Workforce","Data Management Analyst","1-3 Years","EMEA","Bill Rate","$39","$46","/hr","Insight Global Europe rate card 2026. Poland USD rates. ","2026-04-01"
"Contingent Workforce","Data Management Analyst","3-5 Years","EMEA","Bill Rate","$43","$50","/hr","Insight Global Europe rate card 2026. Poland USD rates. ","2026-04-01"
"Contingent Workforce","Data Management Analyst","5-7 Years","EMEA","Bill Rate","$48","$56","/hr","Insight Global Europe rate card 2026. Poland USD rates. ","2026-04-01"
"Contingent Workforce","Data Management Analyst","7+ Years","EMEA","Bill Rate","$57","$67","/hr","Insight Global Europe rate card 2026. Poland USD rates. ","2026-04-01"
"Contingent Workforce","Enterprise Architect","5-8 Years","EMEA","Bill Rate","$72","$84","/hr","Insight Global Europe rate card 2026. Poland USD rates. ","2026-04-01"
"Contingent Workforce","Enterprise Architect","9-12 Years","EMEA","Bill Rate","$87","$102","/hr","Insight Global Europe rate card 2026. Poland USD rates. ","2026-04-01"
"Contingent Workforce","Lead Enterprise Architect","12+ Years","EMEA","Bill Rate","$102","$119","/hr","Insight Global Europe rate card 2026. Poland USD rates. ","2026-04-01"
"Contingent Workforce","Lead Solutions / Applications / System Architect","12+ Years","EMEA","Bill Rate","$84","$98","/hr","Insight Global Europe rate card 2026. Poland USD rates. ","2026-04-01"
"Contingent Workforce","Data Architect","5-7 Years","EMEA","Bill Rate","$75","$88","/hr","Insight Global Europe rate card 2026. Poland USD rates. ","2026-04-01"
"Contingent Workforce","Data Architect","7+ Years","EMEA","Bill Rate","$93","$109","/hr","Insight Global Europe rate card 2026. Poland USD rates. ","2026-04-01"
"Contingent Workforce","Cloud Engineer","3-5 Years","EMEA","Bill Rate","$59","$69","/hr","Insight Global Europe rate card 2026. Poland USD rates. ","2026-04-01"
"Contingent Workforce","Cloud Engineer","5-7 Years","EMEA","Bill Rate","$75","$88","/hr","Insight Global Europe rate card 2026. Poland USD rates. ","2026-04-01"
"Contingent Workforce","Cloud Architect","7+ Years","EMEA","Bill Rate","$93","$109","/hr","Insight Global Europe rate card 2026. Poland USD rates. ","2026-04-01"
"Contingent Workforce","Machine Learning Engineer","3-5 Years","EMEA","Bill Rate","$60","$70","/hr","Insight Global Europe rate card 2026. Poland USD rates. ","2026-04-01"
"Contingent Workforce","Senior Machine Learning Engineer","5-7 Years","EMEA","Bill Rate","$72","$84","/hr","Insight Global Europe rate card 2026. Poland USD rates. ","2026-04-01"
"Contingent Workforce","Principal Machine Learning Engineer","7+ Years","EMEA","Bill Rate","$87","$102","/hr","Insight Global Europe rate card 2026. Poland USD rates. ","2026-04-01"
"Contingent Workforce","Tester / QA Analyst / SDET","1-3 Years","EMEA","Bill Rate","$42","$49","/hr","Insight Global Europe rate card 2026. Poland USD rates. ","2026-04-01"
"Contingent Workforce","Tester / QA Analyst / SDET","3-5 Years","EMEA","Bill Rate","$51","$60","/hr","Insight Global Europe rate card 2026. Poland USD rates. ","2026-04-01"
"Contingent Workforce","Tester / QA Analyst / SDET","5-7 Years","EMEA","Bill Rate","$57","$67","/hr","Insight Global Europe rate card 2026. Poland USD rates. ","2026-04-01"
"Contingent Workforce","Test Manager / QA Manager / SDET Lead","7+ Years","EMEA","Bill Rate","$78","$91","/hr","Insight Global Europe rate card 2026. Poland USD rates. ","2026-04-01"
"Contingent Workforce","Database Administrator","1-3 Years","EMEA","Bill Rate","$48","$56","/hr","Insight Global Europe rate card 2026. Poland USD rates. ","2026-04-01"
"Contingent Workforce","Database Administrator","3-5 Years","EMEA","Bill Rate","$54","$63","/hr","Insight Global Europe rate card 2026. Poland USD rates. ","2026-04-01"
"Contingent Workforce","Database Administrator","5-7 Years","EMEA","Bill Rate","$60","$70","/hr","Insight Global Europe rate card 2026. Poland USD rates. ","2026-04-01"
"Contingent Workforce","Lead Database Administrator","7+ Years","EMEA","Bill Rate","$72","$84","/hr","Insight Global Europe rate card 2026. Poland USD rates. ","2026-04-01"
"Contingent Workforce","System Administrator","3-5 Years","EMEA","Bill Rate","$42","$49","/hr","Insight Global Europe rate card 2026. Poland USD rates. ","2026-04-01"
"Contingent Workforce","Sr System Administrator","5+ Years","EMEA","Bill Rate","$54","$63","/hr","Insight Global Europe rate card 2026. Poland USD rates. ","2026-04-01"
"Contingent Workforce","Production Support Analyst","1-3 Years","EMEA","Bill Rate","$39","$46","/hr","Insight Global Europe rate card 2026. Poland USD rates. ","2026-04-01"
"Contingent Workforce","Production Support Analyst","3-5 Years","EMEA","Bill Rate","$45","$53","/hr","Insight Global Europe rate card 2026. Poland USD rates. ","2026-04-01"
"Contingent Workforce","Production Support Lead","5-7 Years","EMEA","Bill Rate","$51","$60","/hr","Insight Global Europe rate card 2026. Poland USD rates. ","2026-04-01"
"Contingent Workforce","Production Support Manager","7+ Years","EMEA","Bill Rate","$57","$67","/hr","Insight Global Europe rate card 2026. Poland USD rates. ","2026-04-01"
"Contingent Workforce","Business Analyst","1-3 Years","EMEA","Bill Rate","$42","$49","/hr","Insight Global Europe rate card 2026. Poland USD rates. ","2026-04-01"
"Contingent Workforce","Business Analyst","3-5 Years","EMEA","Bill Rate","$51","$60","/hr","Insight Global Europe rate card 2026. Poland USD rates. ","2026-04-01"
"Contingent Workforce","Business Analyst","5-7 Years","EMEA","Bill Rate","$60","$70","/hr","Insight Global Europe rate card 2026. Poland USD rates. ","2026-04-01"
"Contingent Workforce","Lead Business Analyst","7+ Years","EMEA","Bill Rate","$72","$84","/hr","Insight Global Europe rate card 2026. Poland USD rates. ","2026-04-01"
"Contingent Workforce","Business Systems Analyst","3-5 Years","EMEA","Bill Rate","$51","$60","/hr","Insight Global Europe rate card 2026. Poland USD rates. ","2026-04-01"
"Contingent Workforce","Business Systems Analyst","5-7 Years","EMEA","Bill Rate","$64","$75","/hr","Insight Global Europe rate card 2026. Poland USD rates. ","2026-04-01"
"Contingent Workforce","Lead Business Analyst (Systems)","7+ Years","EMEA","Bill Rate","$81","$95","/hr","Insight Global Europe rate card 2026. Poland USD rates. ","2026-04-01"
"Contingent Workforce","Project Coordinator","1-3 Years","EMEA","Bill Rate","$36","$42","/hr","Insight Global Europe rate card 2026. Poland USD rates. ","2026-04-01"
"Contingent Workforce","Project Manager","3-5 Years","EMEA","Bill Rate","$48","$56","/hr","Insight Global Europe rate card 2026. Poland USD rates. ","2026-04-01"
"Contingent Workforce","Project Manager","7+ Years","EMEA","Bill Rate","$57","$67","/hr","Insight Global Europe rate card 2026. Poland USD rates. ","2026-04-01"
"Contingent Workforce","Senior Project Manager","9+ Years","EMEA","Bill Rate","$72","$84","/hr","Insight Global Europe rate card 2026. Poland USD rates. ","2026-04-01"
"Contingent Workforce","Program Manager","10-15 Years","EMEA","Bill Rate","$87","$102","/hr","Insight Global Europe rate card 2026. Poland USD rates. ","2026-04-01"
"Contingent Workforce","Program Director","15+ Years","EMEA","Bill Rate","$111","$130","/hr","Insight Global Europe rate card 2026. Poland USD rates. ","2026-04-01"
"Contingent Workforce","Scrum Master","3-5 Years","EMEA","Bill Rate","$63","$74","/hr","Insight Global Europe rate card 2026. Poland USD rates. ","2026-04-01"
"Contingent Workforce","Senior Scrum Master","5-7 Years","EMEA","Bill Rate","$81","$95","/hr","Insight Global Europe rate card 2026. Poland USD rates. ","2026-04-01"
"Contingent Workforce","Agile Coach","7+ Years","EMEA","Bill Rate","$78","$91","/hr","Insight Global Europe rate card 2026. Poland USD rates. ","2026-04-01"
"Contingent Workforce","Product Manager","5+ Years","EMEA","Bill Rate","$66","$77","/hr","Insight Global Europe rate card 2026. Poland USD rates. ","2026-04-01"
"Contingent Workforce","Senior Product Manager","7+ Years","EMEA","Bill Rate","$79","$92","/hr","Insight Global Europe rate card 2026. Poland USD rates. ","2026-04-01"
"Contingent Workforce","Product Manager Technical","5+ Years","EMEA","Bill Rate","$74","$86","/hr","Insight Global Europe rate card 2026. Poland USD rates. ","2026-04-01"
"Contingent Workforce","Senior Product Manager Technical","7+ Years","EMEA","Bill Rate","$90","$105","/hr","Insight Global Europe rate card 2026. Poland USD rates. ","2026-04-01"
"Contingent Workforce","Product Owner","1-3 Years","EMEA","Bill Rate","$54","$63","/hr","Insight Global Europe rate card 2026. Poland USD rates. ","2026-04-01"
"Contingent Workforce","Product Owner","3-5 Years","EMEA","Bill Rate","$63","$74","/hr","Insight Global Europe rate card 2026. Poland USD rates. ","2026-04-01"
"Contingent Workforce","Product Owner","5-7 Years","EMEA","Bill Rate","$71","$83","/hr","Insight Global Europe rate card 2026. Poland USD rates. ","2026-04-01"
"Contingent Workforce","Senior Product Owner","7+ Years","EMEA","Bill Rate","$77","$90","/hr","Insight Global Europe rate card 2026. Poland USD rates. ","2026-04-01"
"Contingent Workforce","Delivery / Relationship Manager","9+ Years","EMEA","Bill Rate","$66","$77","/hr","Insight Global Europe rate card 2026. Poland USD rates. ","2026-04-01"
"Contingent Workforce","Senior Delivery / Relationship Manager","12+ Years","EMEA","Bill Rate","$75","$88","/hr","Insight Global Europe rate card 2026. Poland USD rates. ","2026-04-01"
"Contingent Workforce","Vendor Manager","3-5 Years","EMEA","Bill Rate","$48","$56","/hr","Insight Global Europe rate card 2026. Poland USD rates. ","2026-04-01"
"Contingent Workforce","Senior Vendor Manager","5+ Years","EMEA","Bill Rate","$58","$68","/hr","Insight Global Europe rate card 2026. Poland USD rates. ","2026-04-01"
"Contingent Workforce","Technical Writer","3-5 Years","EMEA","Bill Rate","$42","$49","/hr","Insight Global Europe rate card 2026. Poland USD rates. ","2026-04-01"
"Contingent Workforce","Technical Writer","5-7 Years","EMEA","Bill Rate","$48","$56","/hr","Insight Global Europe rate card 2026. Poland USD rates. ","2026-04-01"
"Contingent Workforce","Technical Writer","7+ Years","EMEA","Bill Rate","$54","$63","/hr","Insight Global Europe rate card 2026. Poland USD rates. ","2026-04-01"
"Contingent Workforce","Helpdesk Support Level I","3-5 Years","EMEA","Bill Rate","$26","$30","/hr","Insight Global Europe rate card 2026. Poland USD rates. ","2026-04-01"
"Contingent Workforce","Helpdesk Support Level II","5-7 Years","EMEA","Bill Rate","$29","$34","/hr","Insight Global Europe rate card 2026. Poland USD rates. ","2026-04-01"
"Contingent Workforce","Helpdesk Lead","7+ Years","EMEA","Bill Rate","$38","$44","/hr","Insight Global Europe rate card 2026. Poland USD rates. ","2026-04-01"
"Contingent Workforce","Network Tech","1-3 Years","EMEA","Bill Rate","$31","$36","/hr","Insight Global Europe rate card 2026. Poland USD rates. ","2026-04-01"
"Contingent Workforce","Network Tech","3-5 Years","EMEA","Bill Rate","$45","$53","/hr","Insight Global Europe rate card 2026. Poland USD rates. ","2026-04-01"
"Contingent Workforce","Network Engineer","5-7 Years","EMEA","Bill Rate","$57","$67","/hr","Insight Global Europe rate card 2026. Poland USD rates. ","2026-04-01"
"Contingent Workforce","Network Engineer","7+ Years","EMEA","Bill Rate","$75","$88","/hr","Insight Global Europe rate card 2026. Poland USD rates. ","2026-04-01"
"Contingent Workforce","Network Architect","7-10+ Years","EMEA","Bill Rate","$84","$98","/hr","Insight Global Europe rate card 2026. Poland USD rates. ","2026-04-01"
"Contingent Workforce","Network Architect","10+ Years","EMEA","Bill Rate","$93","$109","/hr","Insight Global Europe rate card 2026. Poland USD rates. ","2026-04-01"
"Contingent Workforce","Network Project Manager","5-7 Years","EMEA","Bill Rate","$66","$77","/hr","Insight Global Europe rate card 2026. Poland USD rates. ","2026-04-01"
"Contingent Workforce","Network Project Manager","7-10+ Years","EMEA","Bill Rate","$72","$84","/hr","Insight Global Europe rate card 2026. Poland USD rates. ","2026-04-01"
"Contingent Workforce","Security Analyst","1-3 Years","EMEA","Bill Rate","$45","$53","/hr","Insight Global Europe rate card 2026. Poland USD rates. ","2026-04-01"
"Contingent Workforce","Security Analyst","3-5 Years","EMEA","Bill Rate","$54","$63","/hr","Insight Global Europe rate card 2026. Poland USD rates. ","2026-04-01"
"Contingent Workforce","Security Analyst","5-7 Years","EMEA","Bill Rate","$63","$74","/hr","Insight Global Europe rate card 2026. Poland USD rates. ","2026-04-01"
"Contingent Workforce","Senior Security Analyst","7+ Years","EMEA","Bill Rate","$69","$81","/hr","Insight Global Europe rate card 2026. Poland USD rates. ","2026-04-01"
"Contingent Workforce","Security Engineer","3-5 Years","EMEA","Bill Rate","$63","$74","/hr","Insight Global Europe rate card 2026. Poland USD rates. ","2026-04-01"
"Contingent Workforce","Security Engineer","5-7 Years","EMEA","Bill Rate","$72","$84","/hr","Insight Global Europe rate card 2026. Poland USD rates. ","2026-04-01"
"Contingent Workforce","Senior Security Engineer","7+ Years","EMEA","Bill Rate","$81","$95","/hr","Insight Global Europe rate card 2026. Poland USD rates. ","2026-04-01"
"Contingent Workforce","Security Architect","7-10 Years","EMEA","Bill Rate","$78","$91","/hr","Insight Global Europe rate card 2026. Poland USD rates. ","2026-04-01"
"Contingent Workforce","Senior Security Architect","10+ Years","EMEA","Bill Rate","$96","$112","/hr","Insight Global Europe rate card 2026. Poland USD rates. ","2026-04-01"
"Contingent Workforce","ML Engineer / Senior Staff (Poland benchmark)","7+ Years","EMEA","Bill Rate","$60","$90","/hr","Poland benchmark market rate. NOTE: ITECH currently charging US rates — significant overpayment risk flagged.","2026-04-01"
"Contingent Workforce","VP Data Science / ML Engineering (Poland benchmark)","15+ Years","EMEA","Bill Rate","$90","$130","/hr","Poland benchmark market rate. NOTE: ITECH currently charging US rates — significant overpayment risk flagged.","2026-04-01"
"Professional Services","Consulting / Advisory","Analyst / Entry","AMER","Daily Rate","$1200","$1800","/day","Big 4 / Tier 1 consulting daily rates. Deloitte/KPMG/PwC/McKinsey/BCG.","2026-04-01"
"Professional Services","Consulting / Advisory","Senior Consultant","AMER","Daily Rate","$1800","$3000","/day","Big 4 / Tier 1 consulting daily rates. Deloitte/KPMG/PwC/McKinsey/BCG.","2026-04-01"
"Professional Services","Consulting / Advisory","Manager / Director","AMER","Daily Rate","$3000","$5000","/day","Big 4 / Tier 1 consulting daily rates. Deloitte/KPMG/PwC/McKinsey/BCG.","2026-04-01"
"Professional Services","Consulting / Advisory","Partner / Managing Director","AMER","Daily Rate","$8000","$15000","/day","Big 4 / Tier 1 consulting daily rates. Deloitte/KPMG/PwC/McKinsey/BCG.","2026-04-01"
"Professional Services","Application Development","Developer Onshore","AMER","Bill Rate","$100","$155","/hr","NTT/Cognizant-style AMS/AD rates confirmed in Coupa data.","2026-04-01"
"Professional Services","Application Development","Developer Offshore India","APAC","Bill Rate","$35","$55","/hr","NTT/Cognizant-style AMS/AD rates confirmed in Coupa data.","2026-04-01"
"Professional Services","Application Development","Developer Nearshore LATAM","LATAM","Bill Rate","$50","$75","/hr","NTT/Cognizant-style AMS/AD rates confirmed in Coupa data.","2026-04-01"
"Professional Services","Workday Implementation","Functional Consultant","AMER","Bill Rate","$150","$200","/hr","Cognizant/NTT Workday rates confirmed.","2026-04-01"
"Professional Services","Program Management","Enterprise Program Manager","AMER","Bill Rate","$150","$225","/hr","Enterprise program delivery benchmark.","2026-04-01"
"Software / SaaS","Enterprise Platform License","Per User / Seat","Global","Annual License","$50","$500","/user/yr","Workday/ServiceNow/Okta/Atlassian range.","2026-04-01"
"Software / SaaS","Cloud AI / ML API","Consumption","Global","Consumption","$0.01","$0.10","/1K tokens","Anthropic/OpenAI API rates.","2026-04-01"
"Software / SaaS","Observability / Monitoring","Enterprise Suite","Global","Annual License","$50000","$500000","/yr","New Relic/Splunk/Datadog.","2026-04-01"
"Software / SaaS","CDN / Web Performance","Enterprise","Global","Annual License","$200000","$800000","/yr","Akamai $720K FY27 confirmed in MFT.","2026-04-01"
"Software / SaaS","Video / Media Platform","Enterprise","Global","Annual License","$100000","$1500000","/yr","Kaltura $1.31M FY27 confirmed.","2026-04-01"
"Software / SaaS","Identity / IAM Platform","Enterprise","Global","Annual License","$200000","$1500000","/yr","Okta $1.27M FY27 confirmed.","2026-04-01"
"Software / SaaS","Webinar / Events Platform","Enterprise","Global","Annual License","$200000","$1000000","/yr","ON24 $913K FY27 in MFT.","2026-04-01"
"Software / SaaS","Localization / Translation","Enterprise","Global","Annual License","$50000","$500000","/yr","Smartling/RWS Moravia FY27 in MFT.","2026-04-01"
"Cloud & Managed Services","Cloud Compute (AWS/Azure/GCP)","Enterprise Committed Spend","Global","Consumption","Variable","Variable","/mo","EDP/MACC committed deals. AWS $17.2M/yr confirmed.","2026-04-01"
"Cloud & Managed Services","Service Desk L1/L1.5","Per Ticket","Global","Per Ticket","$8","$18","/ticket","TechM ~30K tickets/mo confirmed.","2026-04-01"
"Cloud & Managed Services","Service Desk L1/L1.5","Monthly Retainer","Global","Monthly Retainer","$80000","$120000","/mo","TechM $1.08M/yr baseline confirmed.","2026-04-01"
"Cloud & Managed Services","On-Site AV / Deskside Services","Monthly Retainer","Global","Monthly Retainer","$300000","$600000","/mo","TechM On-Site $5.45M/yr confirmed.","2026-04-01"
"Cloud & Managed Services","GDC Managed Service BPO","Annual SOW","Global","Annual Retainer","$1000000","$2000000","/yr","HCL GDC $1.16M Yr1 confirmed.","2026-04-01"
"Hardware & Infrastructure","Laptop Standard","Business Class","AMER","Unit Cost","$800","$1200","/unit","HP ZBook $2,642. Insight Direct confirmed.","2026-04-01"
"Hardware & Infrastructure","Laptop Premium","Engineering / Executive","AMER","Unit Cost","$2400","$3800","/unit","MacBook M4 Pro $2,802. M4 Max $3,796 confirmed.","2026-04-01"
"Hardware & Infrastructure","Server Rack Mid-Range","Dell PowerEdge","Global","Unit Cost","$8000","$25000","/unit","Dell R740/R640 finance lease available.","2026-04-01"
"Hardware & Infrastructure","AV Conference Room","Standard Kit","Global","Unit Cost","$5000","$15000","/room","Camera/display/audio. Cisco/Poly/Neat.","2026-04-01"
"Hardware & Infrastructure","AV Conference Room","Enterprise Buildout","Global","Unit Cost","$20000","$100000","/room","Hamilton Robson London ~$100K confirmed.","2026-04-01"
"Hardware & Infrastructure","Mobile Device","iPhone / Android Enterprise","Global","Unit Cost","$800","$1200","/unit","iPhone 16 Pro $1,105. iPhone 16 Plus $963 confirmed.","2026-04-01"
